<design name="calculator">
 <port name="digit0[0]" position="P7"/>
 <port name="digit0[1]" position="P6"/>
 <port name="digit0[2]" position="P5"/>
 <port name="digit0[3]" position="P4"/>
 <port name="digit0[4]" position="P9"/>
 <port name="digit0[5]" position="P8"/>
 <port name="digit0[6]" position="P16"/>
 <port name="digit0[7]" position="P15"/>
 <port name="digit1[0]" position="P11"/>
 <port name="digit1[1]" position="P10"/>
 <port name="digit1[2]" position="P20"/>
 <port name="digit1[3]" position="P18"/>
 <port name="digit1[4]" position="P17"/>
 <port name="digit1[5]" position="P22"/>
 <port name="digit1[6]" position="P21"/>
 <port name="digit1[7]" position="P23"/>
 <port name="digit2[0]" position="P44"/>
 <port name="digit2[1]" position="P45"/>
 <port name="digit2[2]" position="P46"/>
 <port name="digit2[3]" position="P43"/>
 <port name="digit2[4]" position="P40"/>
 <port name="digit2[5]" position="P41"/>
 <port name="digit2[6]" position="P42"/>
 <port name="digit2[7]" position="P33"/>
 <port name="digit3[0]" position="P34"/>
 <port name="digit3[1]" position="P35"/>
 <port name="digit3[2]" position="P36"/>
 <port name="digit3[3]" position="P30"/>
 <port name="digit3[4]" position="P31"/>
 <port name="digit3[5]" position="P24"/>
 <port name="digit3[6]" position="P27"/>
 <port name="digit3[7]" position="P29"/>
 <port name="signal[0]" position="P110"/>
 <port name="signal[1]" position="P109"/>
 <port name="clk" position="P77"/>
 <port name="rst" position="P151"/>
 <port name="start" position="P148"/>
 <port name="add" position="P150"/>
 <port name="min" position="P152"/>
 <port name="mul" position="P160"/>
 <port name="mod" position="P161"/>
 <port name="cal" position="P162"/>
 <port name="r1" position="P163"/>
 <port name="r2" position="P164"/>
 <port name="r3" position="P165"/>
 <port name="r4" position="P166"/>
 <port name="c1" position="P169"/>
 <port name="c2" position="P173"/>
 <port name="c3" position="P174"/>
 <port name="clear" position="P175"/>
 <port name="sig_done" position="P99"/>

</design>