<design name="display_ZhengXiaojie">
	<external name="cell_lib">
		<module name="IPAD" type="MACRO">
			<port name="PAD" direction="input"/>
		</module>
		<module name="LOGIC_0" type="MACRO">
			<property name="truthtable" value="|0"/>
			<port name="LOGIC_0_PIN" direction="output"/>
		</module>
		<module name="LOGIC_1" type="MACRO">
			<property name="truthtable" value="|1"/>
			<port name="LOGIC_1_PIN" direction="output"/>
		</module>
		<module name="LUT2" type="LUT">
			<port name="ADR0" direction="input"/>
			<port name="ADR1" direction="input"/>
			<port name="O" direction="output"/>
		</module>
		<module name="LUT3" type="LUT">
			<port name="ADR0" direction="input"/>
			<port name="ADR1" direction="input"/>
			<port name="ADR2" direction="input"/>
			<port name="O" direction="output"/>
		</module>
		<module name="LUT4" type="LUT">
			<port name="ADR0" direction="input"/>
			<port name="ADR1" direction="input"/>
			<port name="ADR2" direction="input"/>
			<port name="ADR3" direction="input"/>
			<port name="O" direction="output"/>
		</module>
		<module name="CLKBUF" type="COMB">
			<property name="truthtable" value="1"/>
			<port name="I" direction="input"/>
			<port name="O" direction="output"/>
		</module>
		<module name="IBUF" type="COMB">
			<property name="truthtable" value="1"/>
			<port name="I" direction="input"/>
			<port name="O" direction="output"/>
		</module>
		<module name="OBUF" type="COMB">
			<property name="truthtable" value="1"/>
			<port name="I" direction="input"/>
			<port name="O" direction="output"/>
		</module>
		<module name="DFFRHQ" type="FFLATCH">
			<property name="edge" value="rise"/>
			<port name="D" direction="input"/>
			<port name="CK" direction="input" type="clock"/>
			<port name="RN" direction="input" type="reset"/>
			<port name="Q" direction="output"/>
		</module>
		<module name="OPAD" type="MACRO">
			<port name="PAD" direction="output"/>
		</module>
	</external>
	<library name="work_lib">
		<module name="display_ZhengXiaojie">
			<port name="clk" direction="input"/>
			<port name="rst" direction="input"/>
			<port name="lcd_db" msb="7" lsb="0" direction="output"/>
			<port name="lcd_en" direction="output"/>
			<port name="lcd_rs" direction="output"/>
			<port name="lcd_rw" direction="output"/>
			<port name="lcd_rst" direction="output"/>
			<contents>
				<instance name="clk_ipad" moduleRef="IPAD" libraryRef="cell_lib"/>
				<instance name="rst_ipad" moduleRef="IPAD" libraryRef="cell_lib"/>
				<instance name="U74" moduleRef="LOGIC_0" libraryRef="cell_lib"/>
				<instance name="U80" moduleRef="LOGIC_1" libraryRef="cell_lib"/>
				<instance name="Lut-U81_0" moduleRef="LUT2" libraryRef="cell_lib">
					<property name="INIT" value="9"/>
				</instance>
				<instance name="Lut-U82_0" moduleRef="LUT3" libraryRef="cell_lib">
					<property name="INIT" value="95"/>
				</instance>
				<instance name="Lut-U83_0" moduleRef="LUT4" libraryRef="cell_lib">
					<property name="INIT" value="9555"/>
				</instance>
				<instance name="Lut-U84_0" moduleRef="LUT2" libraryRef="cell_lib">
					<property name="INIT" value="9"/>
				</instance>
				<instance name="Lut-U85_0" moduleRef="LUT3" libraryRef="cell_lib">
					<property name="INIT" value="95"/>
				</instance>
				<instance name="Lut-U86_0" moduleRef="LUT4" libraryRef="cell_lib">
					<property name="INIT" value="9555"/>
				</instance>
				<instance name="Lut-U88_1" moduleRef="LUT4" libraryRef="cell_lib">
					<property name="INIT" value="5400"/>
				</instance>
				<instance name="Lut-U92_0" moduleRef="LUT4" libraryRef="cell_lib">
					<property name="INIT" value="FCFD"/>
				</instance>
				<instance name="Lut-U94_0" moduleRef="LUT4" libraryRef="cell_lib">
					<property name="INIT" value="EFCF"/>
				</instance>
				<instance name="Lut-U99_1" moduleRef="LUT4" libraryRef="cell_lib">
					<property name="INIT" value="02A2"/>
				</instance>
				<instance name="Lut-U110_1" moduleRef="LUT4" libraryRef="cell_lib">
					<property name="INIT" value="0007"/>
				</instance>
				<instance name="Lut-U122_1" moduleRef="LUT4" libraryRef="cell_lib">
					<property name="INIT" value="AAA2"/>
				</instance>
				<instance name="Lut-U130_2" moduleRef="LUT4" libraryRef="cell_lib">
					<property name="INIT" value="8880"/>
				</instance>
				<instance name="Lut-U77_0_0" moduleRef="LUT4" libraryRef="cell_lib">
					<property name="INIT" value="8000"/>
				</instance>
				<instance name="Lut-U88_0_0" moduleRef="LUT4" libraryRef="cell_lib">
					<property name="INIT" value="8C00"/>
				</instance>
				<instance name="Lut-U102_0_1" moduleRef="LUT3" libraryRef="cell_lib">
					<property name="INIT" value="2A"/>
				</instance>
				<instance name="Lut-U102_1_1" moduleRef="LUT4" libraryRef="cell_lib">
					<property name="INIT" value="010D"/>
				</instance>
				<instance name="Lut-U89_0_0" moduleRef="LUT3" libraryRef="cell_lib">
					<property name="INIT" value="51"/>
				</instance>
				<instance name="Lut-U135_0_1" moduleRef="LUT2" libraryRef="cell_lib">
					<property name="INIT" value="2"/>
				</instance>
				<instance name="Lut-U124_0_0" moduleRef="LUT2" libraryRef="cell_lib">
					<property name="INIT" value="2"/>
				</instance>
				<instance name="Lut-U96_0" moduleRef="LUT4" libraryRef="cell_lib">
					<property name="INIT" value="5155"/>
				</instance>
				<instance name="Lut-U147_0_0" moduleRef="LUT2" libraryRef="cell_lib">
					<property name="INIT" value="8"/>
				</instance>
				<instance name="Lut-U112_0_2" moduleRef="LUT3" libraryRef="cell_lib">
					<property name="INIT" value="08"/>
				</instance>
				<instance name="Lut-U95_0" moduleRef="LUT3" libraryRef="cell_lib">
					<property name="INIT" value="74"/>
				</instance>
				<instance name="Lut-U136_0_0" moduleRef="LUT4" libraryRef="cell_lib">
					<property name="INIT" value="8000"/>
				</instance>
				<instance name="Lut-U99_0" moduleRef="LUT4" libraryRef="cell_lib">
					<property name="INIT" value="1015"/>
				</instance>
				<instance name="Lut-U102_0" moduleRef="LUT4" libraryRef="cell_lib">
					<property name="INIT" value="FDF8"/>
				</instance>
				<instance name="Lut-U101_0" moduleRef="LUT4" libraryRef="cell_lib">
					<property name="INIT" value="0008"/>
				</instance>
				<instance name="Lut-U119_0" moduleRef="LUT4" libraryRef="cell_lib">
					<property name="INIT" value="F3FB"/>
				</instance>
				<instance name="Lut-U154_0_0" moduleRef="LUT2" libraryRef="cell_lib">
					<property name="INIT" value="8"/>
				</instance>
				<instance name="Lut-U114_0" moduleRef="LUT3" libraryRef="cell_lib">
					<property name="INIT" value="B8"/>
				</instance>
				<instance name="Lut-U111_0" moduleRef="LUT4" libraryRef="cell_lib">
					<property name="INIT" value="FEFC"/>
				</instance>
				<instance name="Lut-U122_0" moduleRef="LUT3" libraryRef="cell_lib">
					<property name="INIT" value="0B"/>
				</instance>
				<instance name="Lut-U123_0" moduleRef="LUT4" libraryRef="cell_lib">
					<property name="INIT" value="AABA"/>
				</instance>
				<instance name="Lut-U123_2_0" moduleRef="LUT4" libraryRef="cell_lib">
					<property name="INIT" value="4444"/>
				</instance>
				<instance name="Lut-U123_3_0" moduleRef="LUT4" libraryRef="cell_lib">
					<property name="INIT" value="00FD"/>
				</instance>
				<instance name="Lut-U130_1" moduleRef="LUT3" libraryRef="cell_lib">
					<property name="INIT" value="2A"/>
				</instance>
				<instance name="Lut-U131_0" moduleRef="LUT4" libraryRef="cell_lib">
					<property name="INIT" value="007F"/>
				</instance>
				<instance name="Lut-U132_0_0" moduleRef="LUT4" libraryRef="cell_lib">
					<property name="INIT" value="7B00"/>
				</instance>
				<instance name="Lut-U132_1_0" moduleRef="LUT4" libraryRef="cell_lib">
					<property name="INIT" value="00FD"/>
				</instance>
				<instance name="Lut-U142_0_0" moduleRef="LUT2" libraryRef="cell_lib">
					<property name="INIT" value="2"/>
				</instance>
				<instance name="Lut-U102_0_0" moduleRef="LUT4" libraryRef="cell_lib">
					<property name="INIT" value="AA8A"/>
				</instance>
				<instance name="Lut-U149_0_0" moduleRef="LUT4" libraryRef="cell_lib">
					<property name="INIT" value="0020"/>
				</instance>
				<instance name="Lut-U152_0_0" moduleRef="LUT3" libraryRef="cell_lib">
					<property name="INIT" value="80"/>
				</instance>
				<instance name="Lut-U118_0_1" moduleRef="LUT4" libraryRef="cell_lib">
					<property name="INIT" value="0400"/>
				</instance>
				<instance name="Lut-U152_0_1" moduleRef="LUT4" libraryRef="cell_lib">
					<property name="INIT" value="0080"/>
				</instance>
				<instance name="Lut-U135_0_0" moduleRef="LUT4" libraryRef="cell_lib">
					<property name="INIT" value="4000"/>
				</instance>
				<instance name="Lut-U125_0_0" moduleRef="LUT4" libraryRef="cell_lib">
					<property name="INIT" value="0080"/>
				</instance>
				<instance name="Lut-U96_0_0" moduleRef="LUT3" libraryRef="cell_lib">
					<property name="INIT" value="20"/>
				</instance>
				<instance name="Lut-U97_0" moduleRef="LUT4" libraryRef="cell_lib">
					<property name="INIT" value="40C8"/>
				</instance>
				<instance name="Lut-U97_2_0" moduleRef="LUT4" libraryRef="cell_lib">
					<property name="INIT" value="5515"/>
				</instance>
				<instance name="Lut-U112_0_0" moduleRef="LUT4" libraryRef="cell_lib">
					<property name="INIT" value="4000"/>
				</instance>
				<instance name="Lut-U98_0_0" moduleRef="LUT3" libraryRef="cell_lib">
					<property name="INIT" value="A8"/>
				</instance>
				<instance name="Lut-U99_0_0" moduleRef="LUT4" libraryRef="cell_lib">
					<property name="INIT" value="0880"/>
				</instance>
				<instance name="Lut-U106_0_0" moduleRef="LUT4" libraryRef="cell_lib">
					<property name="INIT" value="4000"/>
				</instance>
				<instance name="Lut-U105_0_0" moduleRef="LUT3" libraryRef="cell_lib">
					<property name="INIT" value="08"/>
				</instance>
				<instance name="Lut-U118_0_0" moduleRef="LUT3" libraryRef="cell_lib">
					<property name="INIT" value="04"/>
				</instance>
				<instance name="Lut-U149_0_1" moduleRef="LUT2" libraryRef="cell_lib">
					<property name="INIT" value="8"/>
				</instance>
				<instance name="Lut-U141_0_0" moduleRef="LUT3" libraryRef="cell_lib">
					<property name="INIT" value="02"/>
				</instance>
				<instance name="Lut-U120_0" moduleRef="LUT4" libraryRef="cell_lib">
					<property name="INIT" value="BFB3"/>
				</instance>
				<instance name="Lut-U146_0_1" moduleRef="LUT4" libraryRef="cell_lib">
					<property name="INIT" value="0008"/>
				</instance>
				<instance name="Lut-U116_0" moduleRef="LUT4" libraryRef="cell_lib">
					<property name="INIT" value="BBF3"/>
				</instance>
				<instance name="Lut-U155_0_2" moduleRef="LUT3" libraryRef="cell_lib">
					<property name="INIT" value="08"/>
				</instance>
				<instance name="Lut-U113_0_0" moduleRef="LUT3" libraryRef="cell_lib">
					<property name="INIT" value="20"/>
				</instance>
				<instance name="Lut-U128_0_0" moduleRef="LUT4" libraryRef="cell_lib">
					<property name="INIT" value="7707"/>
				</instance>
				<instance name="Lut-U126_0" moduleRef="LUT4" libraryRef="cell_lib">
					<property name="INIT" value="CCC0"/>
				</instance>
				<instance name="Lut-U138_0_0" moduleRef="LUT3" libraryRef="cell_lib">
					<property name="INIT" value="80"/>
				</instance>
				<instance name="Lut-U133_2" moduleRef="LUT4" libraryRef="cell_lib">
					<property name="INIT" value="6200"/>
				</instance>
				<instance name="Lut-U133_4_0" moduleRef="LUT2" libraryRef="cell_lib">
					<property name="INIT" value="4"/>
				</instance>
				<instance name="Lut-U133_5_0" moduleRef="LUT2" libraryRef="cell_lib">
					<property name="INIT" value="1"/>
				</instance>
				<instance name="Lut-U130_0" moduleRef="LUT4" libraryRef="cell_lib">
					<property name="INIT" value="7707"/>
				</instance>
				<instance name="Lut-U145_0" moduleRef="LUT3" libraryRef="cell_lib">
					<property name="INIT" value="DC"/>
				</instance>
				<instance name="Lut-U131_1_0" moduleRef="LUT4" libraryRef="cell_lib">
					<property name="INIT" value="0008"/>
				</instance>
				<instance name="Lut-U148_0_0" moduleRef="LUT3" libraryRef="cell_lib">
					<property name="INIT" value="04"/>
				</instance>
				<instance name="Lut-U157_0_0" moduleRef="LUT2" libraryRef="cell_lib">
					<property name="INIT" value="2"/>
				</instance>
				<instance name="Lut-U107_0" moduleRef="LUT3" libraryRef="cell_lib">
					<property name="INIT" value="1E"/>
				</instance>
				<instance name="Lut-U117_0" moduleRef="LUT4" libraryRef="cell_lib">
					<property name="INIT" value="6FFF"/>
				</instance>
				<instance name="Lut-U155_0_1" moduleRef="LUT4" libraryRef="cell_lib">
					<property name="INIT" value="0020"/>
				</instance>
				<instance name="Lut-U159_0_0" moduleRef="LUT2" libraryRef="cell_lib">
					<property name="INIT" value="2"/>
				</instance>
				<instance name="Lut-U127_0_0" moduleRef="LUT4" libraryRef="cell_lib">
					<property name="INIT" value="0200"/>
				</instance>
				<instance name="Lut-U143_0" moduleRef="LUT3" libraryRef="cell_lib">
					<property name="INIT" value="28"/>
				</instance>
				<instance name="Q_cnt_lcd_reg[0]InvLut" moduleRef="LUT2" libraryRef="cell_lib">
					<property name="INIT" value="5"/>
				</instance>
				<instance name="rstInvLut" moduleRef="LUT2" libraryRef="cell_lib">
					<property name="INIT" value="5"/>
				</instance>
				<instance name="Lut-U81_0InvLut" moduleRef="LUT2" libraryRef="cell_lib">
					<property name="INIT" value="5"/>
				</instance>
				<instance name="Lut-U82_0InvLut" moduleRef="LUT2" libraryRef="cell_lib">
					<property name="INIT" value="5"/>
				</instance>
				<instance name="Lut-U83_0InvLut" moduleRef="LUT2" libraryRef="cell_lib">
					<property name="INIT" value="5"/>
				</instance>
				<instance name="Lut-U84_0InvLut" moduleRef="LUT2" libraryRef="cell_lib">
					<property name="INIT" value="5"/>
				</instance>
				<instance name="Lut-U85_0InvLut" moduleRef="LUT2" libraryRef="cell_lib">
					<property name="INIT" value="5"/>
				</instance>
				<instance name="Lut-U86_0InvLut" moduleRef="LUT2" libraryRef="cell_lib">
					<property name="INIT" value="5"/>
				</instance>
				<instance name="Lut-U88_1InvLut" moduleRef="LUT2" libraryRef="cell_lib">
					<property name="INIT" value="5"/>
				</instance>
				<instance name="Lut-U99_1InvLut" moduleRef="LUT2" libraryRef="cell_lib">
					<property name="INIT" value="5"/>
				</instance>
				<instance name="Lut-U110_1InvLut" moduleRef="LUT2" libraryRef="cell_lib">
					<property name="INIT" value="5"/>
				</instance>
				<instance name="Lut-U122_1InvLut" moduleRef="LUT2" libraryRef="cell_lib">
					<property name="INIT" value="5"/>
				</instance>
				<instance name="Lut-U130_2InvLut" moduleRef="LUT2" libraryRef="cell_lib">
					<property name="INIT" value="5"/>
				</instance>
				<instance name="Buf-pad-clk" moduleRef="CLKBUF" libraryRef="cell_lib"/>
				<instance name="IBuf-clkpad-clk" moduleRef="CLKBUF" libraryRef="cell_lib"/>
				<instance name="Buf-pad-rst" moduleRef="IBUF" libraryRef="cell_lib"/>
				<instance name="Buf-pad-lcd_db[7]" moduleRef="OBUF" libraryRef="cell_lib"/>
				<instance name="Buf-pad-lcd_db[6]" moduleRef="OBUF" libraryRef="cell_lib"/>
				<instance name="Buf-pad-lcd_db[5]" moduleRef="OBUF" libraryRef="cell_lib"/>
				<instance name="Buf-pad-lcd_db[4]" moduleRef="OBUF" libraryRef="cell_lib"/>
				<instance name="Buf-pad-lcd_db[3]" moduleRef="OBUF" libraryRef="cell_lib"/>
				<instance name="Buf-pad-lcd_db[2]" moduleRef="OBUF" libraryRef="cell_lib"/>
				<instance name="Buf-pad-lcd_db[1]" moduleRef="OBUF" libraryRef="cell_lib"/>
				<instance name="Buf-pad-lcd_db[0]" moduleRef="OBUF" libraryRef="cell_lib"/>
				<instance name="Buf-pad-lcd_en" moduleRef="OBUF" libraryRef="cell_lib"/>
				<instance name="Buf-pad-lcd_rs" moduleRef="OBUF" libraryRef="cell_lib"/>
				<instance name="Buf-pad-lcd_rw" moduleRef="OBUF" libraryRef="cell_lib"/>
				<instance name="Buf-pad-lcd_rst" moduleRef="OBUF" libraryRef="cell_lib"/>
				<instance name="cnt_lcd_reg[0]" moduleRef="DFFRHQ" libraryRef="cell_lib"/>
				<instance name="cnt_lcd_reg[1]" moduleRef="DFFRHQ" libraryRef="cell_lib"/>
				<instance name="cnt_lcd_reg[2]" moduleRef="DFFRHQ" libraryRef="cell_lib"/>
				<instance name="cnt_lcd_reg[3]" moduleRef="DFFRHQ" libraryRef="cell_lib"/>
				<instance name="cnt_lcd_reg[4]" moduleRef="DFFRHQ" libraryRef="cell_lib"/>
				<instance name="cnt_lcd_reg[5]" moduleRef="DFFRHQ" libraryRef="cell_lib"/>
				<instance name="cnt_lcd_reg[6]" moduleRef="DFFRHQ" libraryRef="cell_lib"/>
				<instance name="lcd_db_reg[6]" moduleRef="DFFRHQ" libraryRef="cell_lib"/>
				<instance name="lcd_db_reg[5]" moduleRef="DFFRHQ" libraryRef="cell_lib"/>
				<instance name="lcd_db_reg[4]" moduleRef="DFFRHQ" libraryRef="cell_lib"/>
				<instance name="lcd_db_reg[3]" moduleRef="DFFRHQ" libraryRef="cell_lib"/>
				<instance name="lcd_db_reg[2]" moduleRef="DFFRHQ" libraryRef="cell_lib"/>
				<instance name="lcd_db_reg[1]" moduleRef="DFFRHQ" libraryRef="cell_lib"/>
				<instance name="lcd_db_reg[0]" moduleRef="DFFRHQ" libraryRef="cell_lib"/>
				<instance name="lcd_db[7]_opad" moduleRef="OPAD" libraryRef="cell_lib"/>
				<instance name="lcd_db[6]_opad" moduleRef="OPAD" libraryRef="cell_lib"/>
				<instance name="lcd_db[5]_opad" moduleRef="OPAD" libraryRef="cell_lib"/>
				<instance name="lcd_db[4]_opad" moduleRef="OPAD" libraryRef="cell_lib"/>
				<instance name="lcd_db[3]_opad" moduleRef="OPAD" libraryRef="cell_lib"/>
				<instance name="lcd_db[2]_opad" moduleRef="OPAD" libraryRef="cell_lib"/>
				<instance name="lcd_db[1]_opad" moduleRef="OPAD" libraryRef="cell_lib"/>
				<instance name="lcd_db[0]_opad" moduleRef="OPAD" libraryRef="cell_lib"/>
				<instance name="lcd_en_opad" moduleRef="OPAD" libraryRef="cell_lib"/>
				<instance name="lcd_rs_opad" moduleRef="OPAD" libraryRef="cell_lib"/>
				<instance name="lcd_rw_opad" moduleRef="OPAD" libraryRef="cell_lib"/>
				<instance name="lcd_rst_opad" moduleRef="OPAD" libraryRef="cell_lib"/>
				<net name="clk">
					<portRef name="clk"/>
					<portRef name="PAD" instanceRef="clk_ipad"/>
					<portRef name="I" instanceRef="Buf-pad-clk"/>
				</net>
				<net name="rst">
					<portRef name="rst"/>
					<portRef name="PAD" instanceRef="rst_ipad"/>
					<portRef name="I" instanceRef="Buf-pad-rst"/>
				</net>
				<net name="net_cnt_lcd_reg[1]">
					<portRef name="Q" instanceRef="cnt_lcd_reg[1]"/>
					<portRef name="ADR0" instanceRef="Lut-U81_0"/>
					<portRef name="ADR1" instanceRef="Lut-U82_0"/>
					<portRef name="ADR2" instanceRef="Lut-U83_0"/>
					<portRef name="ADR2" instanceRef="Lut-U99_1"/>
					<portRef name="ADR2" instanceRef="Lut-U77_0_0"/>
					<portRef name="ADR2" instanceRef="Lut-U89_0_0"/>
					<portRef name="ADR3" instanceRef="Lut-U96_0"/>
					<portRef name="ADR0" instanceRef="Lut-U147_0_0"/>
					<portRef name="ADR1" instanceRef="Lut-U112_0_2"/>
					<portRef name="ADR0" instanceRef="Lut-U123_0"/>
					<portRef name="ADR3" instanceRef="Lut-U132_0_0"/>
					<portRef name="ADR3" instanceRef="Lut-U132_1_0"/>
					<portRef name="ADR3" instanceRef="Lut-U125_0_0"/>
					<portRef name="ADR3" instanceRef="Lut-U99_0_0"/>
					<portRef name="ADR2" instanceRef="Lut-U120_0"/>
					<portRef name="ADR0" instanceRef="Lut-U146_0_1"/>
					<portRef name="ADR3" instanceRef="Lut-U116_0"/>
					<portRef name="ADR2" instanceRef="Lut-U113_0_0"/>
					<portRef name="ADR3" instanceRef="Lut-U128_0_0"/>
					<portRef name="ADR3" instanceRef="Lut-U130_0"/>
					<portRef name="ADR2" instanceRef="Lut-U107_0"/>
					<portRef name="ADR1" instanceRef="Lut-U155_0_1"/>
					<portRef name="ADR2" instanceRef="Lut-U143_0"/>
				</net>
				<net name="net_cnt_lcd_reg[0]">
					<portRef name="Q" instanceRef="cnt_lcd_reg[0]"/>
					<portRef name="ADR1" instanceRef="Lut-U81_0"/>
					<portRef name="ADR2" instanceRef="Lut-U82_0"/>
					<portRef name="ADR3" instanceRef="Lut-U83_0"/>
					<portRef name="ADR3" instanceRef="Lut-U77_0_0"/>
					<portRef name="ADR3" instanceRef="Lut-U136_0_0"/>
					<portRef name="ADR1" instanceRef="Lut-U154_0_0"/>
					<portRef name="ADR2" instanceRef="Lut-U131_0"/>
					<portRef name="ADR2" instanceRef="Lut-U102_0_0"/>
					<portRef name="ADR2" instanceRef="Lut-U149_0_0"/>
					<portRef name="ADR2" instanceRef="Lut-U152_0_0"/>
					<portRef name="ADR1" instanceRef="Lut-U118_0_1"/>
					<portRef name="ADR2" instanceRef="Lut-U152_0_1"/>
					<portRef name="ADR3" instanceRef="Lut-U135_0_0"/>
					<portRef name="ADR2" instanceRef="Lut-U125_0_0"/>
					<portRef name="ADR0" instanceRef="Lut-U96_0_0"/>
					<portRef name="ADR1" instanceRef="Lut-U97_0"/>
					<portRef name="ADR2" instanceRef="Lut-U97_2_0"/>
					<portRef name="ADR3" instanceRef="Lut-U112_0_0"/>
					<portRef name="ADR1" instanceRef="Lut-U99_0_0"/>
					<portRef name="ADR3" instanceRef="Lut-U106_0_0"/>
					<portRef name="ADR1" instanceRef="Lut-U105_0_0"/>
					<portRef name="ADR1" instanceRef="Lut-U118_0_0"/>
					<portRef name="ADR0" instanceRef="Lut-U113_0_0"/>
					<portRef name="ADR1" instanceRef="Lut-U126_0"/>
					<portRef name="ADR2" instanceRef="Lut-U138_0_0"/>
					<portRef name="ADR2" instanceRef="Lut-U117_0"/>
					<portRef name="ADR2" instanceRef="Lut-U155_0_1"/>
					<portRef name="ADR0" instanceRef="Lut-U159_0_0"/>
					<portRef name="ADR0" instanceRef="Lut-U143_0"/>
					<portRef name="ADR0" instanceRef="Q_cnt_lcd_reg[0]InvLut"/>
					<portRef name="I" instanceRef="Buf-pad-lcd_en"/>
				</net>
				<net name="net_cnt_lcd_reg[2]">
					<portRef name="Q" instanceRef="cnt_lcd_reg[2]"/>
					<portRef name="ADR0" instanceRef="Lut-U82_0"/>
					<portRef name="ADR1" instanceRef="Lut-U83_0"/>
					<portRef name="ADR1" instanceRef="Lut-U77_0_0"/>
					<portRef name="ADR2" instanceRef="Lut-U102_0_1"/>
					<portRef name="ADR1" instanceRef="Lut-U102_1_1"/>
					<portRef name="ADR1" instanceRef="Lut-U147_0_0"/>
					<portRef name="ADR3" instanceRef="Lut-U119_0"/>
					<portRef name="ADR1" instanceRef="Lut-U114_0"/>
					<portRef name="ADR1" instanceRef="Lut-U123_0"/>
					<portRef name="ADR1" instanceRef="Lut-U123_2_0"/>
					<portRef name="ADR2" instanceRef="Lut-U130_1"/>
					<portRef name="ADR3" instanceRef="Lut-U152_0_1"/>
					<portRef name="ADR0" instanceRef="Lut-U97_2_0"/>
					<portRef name="ADR0" instanceRef="Lut-U112_0_0"/>
					<portRef name="ADR1" instanceRef="Lut-U98_0_0"/>
					<portRef name="ADR1" instanceRef="Lut-U149_0_1"/>
					<portRef name="ADR3" instanceRef="Lut-U120_0"/>
					<portRef name="ADR1" instanceRef="Lut-U146_0_1"/>
					<portRef name="ADR0" instanceRef="Lut-U133_4_0"/>
					<portRef name="ADR0" instanceRef="Lut-U133_5_0"/>
					<portRef name="ADR0" instanceRef="Lut-U148_0_0"/>
					<portRef name="ADR0" instanceRef="Lut-U107_0"/>
					<portRef name="ADR3" instanceRef="Lut-U127_0_0"/>
				</net>
				<net name="net_cnt_lcd_reg[3]">
					<portRef name="Q" instanceRef="cnt_lcd_reg[3]"/>
					<portRef name="ADR0" instanceRef="Lut-U83_0"/>
					<portRef name="ADR0" instanceRef="Lut-U92_0"/>
					<portRef name="ADR0" instanceRef="Lut-U77_0_0"/>
					<portRef name="ADR2" instanceRef="Lut-U112_0_2"/>
					<portRef name="ADR1" instanceRef="Lut-U95_0"/>
					<portRef name="ADR2" instanceRef="Lut-U99_0"/>
					<portRef name="ADR0" instanceRef="Lut-U102_0"/>
					<portRef name="ADR1" instanceRef="Lut-U101_0"/>
					<portRef name="ADR1" instanceRef="Lut-U122_0"/>
					<portRef name="ADR2" instanceRef="Lut-U123_2_0"/>
					<portRef name="ADR2" instanceRef="Lut-U132_0_0"/>
					<portRef name="ADR0" instanceRef="Lut-U142_0_0"/>
					<portRef name="ADR0" instanceRef="Lut-U102_0_0"/>
					<portRef name="ADR3" instanceRef="Lut-U118_0_1"/>
					<portRef name="ADR0" instanceRef="Lut-U135_0_0"/>
					<portRef name="ADR0" instanceRef="Lut-U141_0_0"/>
					<portRef name="ADR0" instanceRef="Lut-U120_0"/>
					<portRef name="ADR0" instanceRef="Lut-U133_2"/>
					<portRef name="ADR1" instanceRef="Lut-U133_4_0"/>
					<portRef name="ADR0" instanceRef="Lut-U145_0"/>
					<portRef name="ADR1" instanceRef="Lut-U131_1_0"/>
					<portRef name="ADR0" instanceRef="Lut-U155_0_1"/>
					<portRef name="ADR0" instanceRef="Lut-U127_0_0"/>
				</net>
				<net name="net_cnt_lcd_reg[4]">
					<portRef name="Q" instanceRef="cnt_lcd_reg[4]"/>
					<portRef name="ADR0" instanceRef="Lut-U84_0"/>
					<portRef name="ADR1" instanceRef="Lut-U85_0"/>
					<portRef name="ADR2" instanceRef="Lut-U86_0"/>
					<portRef name="ADR1" instanceRef="Lut-U135_0_1"/>
					<portRef name="ADR1" instanceRef="Lut-U124_0_0"/>
					<portRef name="ADR0" instanceRef="Lut-U136_0_0"/>
					<portRef name="ADR2" instanceRef="Lut-U101_0"/>
					<portRef name="ADR3" instanceRef="Lut-U123_0"/>
					<portRef name="ADR0" instanceRef="Lut-U132_0_0"/>
					<portRef name="ADR1" instanceRef="Lut-U142_0_0"/>
					<portRef name="ADR0" instanceRef="Lut-U149_0_0"/>
					<portRef name="ADR0" instanceRef="Lut-U152_0_0"/>
					<portRef name="ADR0" instanceRef="Lut-U152_0_1"/>
					<portRef name="ADR2" instanceRef="Lut-U98_0_0"/>
					<portRef name="ADR1" instanceRef="Lut-U141_0_0"/>
					<portRef name="ADR3" instanceRef="Lut-U146_0_1"/>
					<portRef name="ADR1" instanceRef="Lut-U155_0_2"/>
					<portRef name="ADR1" instanceRef="Lut-U133_2"/>
					<portRef name="ADR2" instanceRef="Lut-U131_1_0"/>
					<portRef name="ADR1" instanceRef="Lut-U148_0_0"/>
					<portRef name="ADR0" instanceRef="Lut-U157_0_0"/>
					<portRef name="ADR1" instanceRef="Lut-U107_0"/>
					<portRef name="ADR1" instanceRef="Lut-U127_0_0"/>
				</net>
				<net name="net_Lut-U77_0_0">
					<portRef name="O" instanceRef="Lut-U77_0_0"/>
					<portRef name="ADR1" instanceRef="Lut-U84_0"/>
					<portRef name="ADR2" instanceRef="Lut-U85_0"/>
					<portRef name="ADR3" instanceRef="Lut-U86_0"/>
				</net>
				<net name="net_cnt_lcd_reg[5]">
					<portRef name="Q" instanceRef="cnt_lcd_reg[5]"/>
					<portRef name="ADR0" instanceRef="Lut-U85_0"/>
					<portRef name="ADR1" instanceRef="Lut-U86_0"/>
					<portRef name="ADR2" instanceRef="Lut-U88_0_0"/>
					<portRef name="ADR1" instanceRef="Lut-U136_0_0"/>
					<portRef name="ADR3" instanceRef="Lut-U101_0"/>
					<portRef name="ADR1" instanceRef="Lut-U102_0_0"/>
					<portRef name="ADR1" instanceRef="Lut-U149_0_0"/>
					<portRef name="ADR0" instanceRef="Lut-U118_0_1"/>
					<portRef name="ADR1" instanceRef="Lut-U135_0_0"/>
					<portRef name="ADR0" instanceRef="Lut-U125_0_0"/>
					<portRef name="ADR3" instanceRef="Lut-U97_0"/>
					<portRef name="ADR1" instanceRef="Lut-U112_0_0"/>
					<portRef name="ADR1" instanceRef="Lut-U106_0_0"/>
					<portRef name="ADR0" instanceRef="Lut-U118_0_0"/>
					<portRef name="ADR2" instanceRef="Lut-U141_0_0"/>
					<portRef name="ADR2" instanceRef="Lut-U146_0_1"/>
					<portRef name="ADR2" instanceRef="Lut-U155_0_2"/>
					<portRef name="ADR0" instanceRef="Lut-U138_0_0"/>
					<portRef name="ADR2" instanceRef="Lut-U133_2"/>
					<portRef name="ADR3" instanceRef="Lut-U131_1_0"/>
					<portRef name="ADR2" instanceRef="Lut-U148_0_0"/>
					<portRef name="ADR1" instanceRef="Lut-U157_0_0"/>
					<portRef name="ADR0" instanceRef="Lut-U117_0"/>
					<portRef name="ADR2" instanceRef="Lut-U127_0_0"/>
				</net>
				<net name="net_cnt_lcd_reg[6]">
					<portRef name="Q" instanceRef="cnt_lcd_reg[6]"/>
					<portRef name="ADR0" instanceRef="Lut-U86_0"/>
					<portRef name="ADR2" instanceRef="Lut-U136_0_0"/>
					<portRef name="ADR0" instanceRef="Lut-U154_0_0"/>
					<portRef name="ADR1" instanceRef="Lut-U131_0"/>
					<portRef name="ADR3" instanceRef="Lut-U102_0_0"/>
					<portRef name="ADR3" instanceRef="Lut-U149_0_0"/>
					<portRef name="ADR1" instanceRef="Lut-U152_0_0"/>
					<portRef name="ADR2" instanceRef="Lut-U118_0_1"/>
					<portRef name="ADR1" instanceRef="Lut-U152_0_1"/>
					<portRef name="ADR2" instanceRef="Lut-U135_0_0"/>
					<portRef name="ADR1" instanceRef="Lut-U125_0_0"/>
					<portRef name="ADR1" instanceRef="Lut-U96_0_0"/>
					<portRef name="ADR0" instanceRef="Lut-U97_0"/>
					<portRef name="ADR3" instanceRef="Lut-U97_2_0"/>
					<portRef name="ADR2" instanceRef="Lut-U112_0_0"/>
					<portRef name="ADR2" instanceRef="Lut-U99_0_0"/>
					<portRef name="ADR2" instanceRef="Lut-U106_0_0"/>
					<portRef name="ADR2" instanceRef="Lut-U105_0_0"/>
					<portRef name="ADR2" instanceRef="Lut-U118_0_0"/>
					<portRef name="ADR1" instanceRef="Lut-U113_0_0"/>
					<portRef name="ADR0" instanceRef="Lut-U126_0"/>
					<portRef name="ADR1" instanceRef="Lut-U138_0_0"/>
					<portRef name="ADR1" instanceRef="Lut-U117_0"/>
					<portRef name="ADR3" instanceRef="Lut-U155_0_1"/>
					<portRef name="ADR1" instanceRef="Lut-U159_0_0"/>
					<portRef name="ADR1" instanceRef="Lut-U143_0"/>
				</net>
				<net name="net_Lut-U88_0_0">
					<portRef name="O" instanceRef="Lut-U88_0_0"/>
					<portRef name="ADR0" instanceRef="Lut-U88_1"/>
				</net>
				<net name="net_Lut-U102_0_1">
					<portRef name="O" instanceRef="Lut-U102_0_1"/>
					<portRef name="ADR1" instanceRef="Lut-U88_1"/>
				</net>
				<net name="net_Lut-U102_1_1">
					<portRef name="O" instanceRef="Lut-U102_1_1"/>
					<portRef name="ADR2" instanceRef="Lut-U88_1"/>
				</net>
				<net name="net_Lut-U89_0_0">
					<portRef name="O" instanceRef="Lut-U89_0_0"/>
					<portRef name="ADR3" instanceRef="Lut-U88_1"/>
				</net>
				<net name="net_Lut-U135_0_1">
					<portRef name="O" instanceRef="Lut-U135_0_1"/>
					<portRef name="ADR1" instanceRef="Lut-U92_0"/>
				</net>
				<net name="net_Lut-U124_0_0">
					<portRef name="O" instanceRef="Lut-U124_0_0"/>
					<portRef name="ADR2" instanceRef="Lut-U92_0"/>
					<portRef name="ADR1" instanceRef="Lut-U111_0"/>
					<portRef name="ADR3" instanceRef="Lut-U123_3_0"/>
				</net>
				<net name="net_Lut-U96_0">
					<portRef name="O" instanceRef="Lut-U96_0"/>
					<portRef name="ADR3" instanceRef="Lut-U92_0"/>
					<portRef name="ADR2" instanceRef="Lut-U95_0"/>
				</net>
				<net name="net_Lut-U147_0_0">
					<portRef name="O" instanceRef="Lut-U147_0_0"/>
					<portRef name="ADR0" instanceRef="Lut-U94_0"/>
					<portRef name="ADR0" instanceRef="Lut-U88_0_0"/>
				</net>
				<net name="net_Lut-U112_0_2">
					<portRef name="O" instanceRef="Lut-U112_0_2"/>
					<portRef name="ADR1" instanceRef="Lut-U94_0"/>
					<portRef name="ADR2" instanceRef="Lut-U111_0"/>
				</net>
				<net name="net_Lut-U95_0">
					<portRef name="O" instanceRef="Lut-U95_0"/>
					<portRef name="ADR2" instanceRef="Lut-U94_0"/>
				</net>
				<net name="net_Lut-U136_0_0">
					<portRef name="O" instanceRef="Lut-U136_0_0"/>
					<portRef name="ADR3" instanceRef="Lut-U94_0"/>
					<portRef name="ADR0" instanceRef="Lut-U89_0_0"/>
					<portRef name="ADR3" instanceRef="Lut-U123_2_0"/>
					<portRef name="ADR1" instanceRef="Lut-U133_5_0"/>
				</net>
				<net name="net_Lut-U99_0">
					<portRef name="O" instanceRef="Lut-U99_0"/>
					<portRef name="ADR0" instanceRef="Lut-U99_1"/>
				</net>
				<net name="net_Lut-U102_0">
					<portRef name="O" instanceRef="Lut-U102_0"/>
					<portRef name="ADR1" instanceRef="Lut-U99_1"/>
				</net>
				<net name="net_Lut-U101_0">
					<portRef name="O" instanceRef="Lut-U101_0"/>
					<portRef name="ADR3" instanceRef="Lut-U99_1"/>
				</net>
				<net name="net_Lut-U119_0">
					<portRef name="O" instanceRef="Lut-U119_0"/>
					<portRef name="ADR0" instanceRef="Lut-U110_1"/>
				</net>
				<net name="net_Lut-U154_0_0">
					<portRef name="O" instanceRef="Lut-U154_0_0"/>
					<portRef name="ADR1" instanceRef="Lut-U110_1"/>
					<portRef name="ADR3" instanceRef="Lut-U88_0_0"/>
					<portRef name="ADR0" instanceRef="Lut-U101_0"/>
					<portRef name="ADR3" instanceRef="Lut-U133_2"/>
				</net>
				<net name="net_Lut-U114_0">
					<portRef name="O" instanceRef="Lut-U114_0"/>
					<portRef name="ADR2" instanceRef="Lut-U110_1"/>
				</net>
				<net name="net_Lut-U111_0">
					<portRef name="O" instanceRef="Lut-U111_0"/>
					<portRef name="ADR3" instanceRef="Lut-U110_1"/>
				</net>
				<net name="net_Lut-U122_0">
					<portRef name="O" instanceRef="Lut-U122_0"/>
					<portRef name="ADR0" instanceRef="Lut-U122_1"/>
				</net>
				<net name="net_Lut-U123_0">
					<portRef name="O" instanceRef="Lut-U123_0"/>
					<portRef name="ADR1" instanceRef="Lut-U122_1"/>
				</net>
				<net name="net_Lut-U123_2_0">
					<portRef name="O" instanceRef="Lut-U123_2_0"/>
					<portRef name="ADR2" instanceRef="Lut-U122_1"/>
				</net>
				<net name="net_Lut-U123_3_0">
					<portRef name="O" instanceRef="Lut-U123_3_0"/>
					<portRef name="ADR3" instanceRef="Lut-U122_1"/>
				</net>
				<net name="net_Lut-U130_1">
					<portRef name="O" instanceRef="Lut-U130_1"/>
					<portRef name="ADR0" instanceRef="Lut-U130_2"/>
				</net>
				<net name="net_Lut-U131_0">
					<portRef name="O" instanceRef="Lut-U131_0"/>
					<portRef name="ADR1" instanceRef="Lut-U130_2"/>
				</net>
				<net name="net_Lut-U132_0_0">
					<portRef name="O" instanceRef="Lut-U132_0_0"/>
					<portRef name="ADR2" instanceRef="Lut-U130_2"/>
				</net>
				<net name="net_Lut-U132_1_0">
					<portRef name="O" instanceRef="Lut-U132_1_0"/>
					<portRef name="ADR3" instanceRef="Lut-U130_2"/>
				</net>
				<net name="net_Lut-U142_0_0">
					<portRef name="O" instanceRef="Lut-U142_0_0"/>
					<portRef name="ADR1" instanceRef="Lut-U88_0_0"/>
					<portRef name="ADR3" instanceRef="Lut-U117_0"/>
				</net>
				<net name="net_Lut-U102_0_0">
					<portRef name="O" instanceRef="Lut-U102_0_0"/>
					<portRef name="ADR0" instanceRef="Lut-U102_0_1"/>
				</net>
				<net name="net_Lut-U149_0_0">
					<portRef name="O" instanceRef="Lut-U149_0_0"/>
					<portRef name="ADR1" instanceRef="Lut-U102_0_1"/>
					<portRef name="ADR3" instanceRef="Lut-U102_1_1"/>
					<portRef name="ADR1" instanceRef="Lut-U130_1"/>
					<portRef name="ADR0" instanceRef="Lut-U149_0_1"/>
				</net>
				<net name="net_Lut-U152_0_0">
					<portRef name="O" instanceRef="Lut-U152_0_0"/>
					<portRef name="ADR0" instanceRef="Lut-U102_1_1"/>
				</net>
				<net name="net_Lut-U118_0_1">
					<portRef name="O" instanceRef="Lut-U118_0_1"/>
					<portRef name="ADR2" instanceRef="Lut-U102_1_1"/>
					<portRef name="ADR0" instanceRef="Lut-U116_0"/>
				</net>
				<net name="net_Lut-U152_0_1">
					<portRef name="O" instanceRef="Lut-U152_0_1"/>
					<portRef name="ADR1" instanceRef="Lut-U89_0_0"/>
					<portRef name="ADR3" instanceRef="Lut-U102_0"/>
					<portRef name="ADR2" instanceRef="Lut-U128_0_0"/>
					<portRef name="ADR2" instanceRef="Lut-U130_0"/>
				</net>
				<net name="net_Lut-U135_0_0">
					<portRef name="O" instanceRef="Lut-U135_0_0"/>
					<portRef name="ADR0" instanceRef="Lut-U135_0_1"/>
				</net>
				<net name="net_Lut-U125_0_0">
					<portRef name="O" instanceRef="Lut-U125_0_0"/>
					<portRef name="ADR0" instanceRef="Lut-U124_0_0"/>
					<portRef name="ADR0" instanceRef="Lut-U98_0_0"/>
				</net>
				<net name="net_Lut-U96_0_0">
					<portRef name="O" instanceRef="Lut-U96_0_0"/>
					<portRef name="ADR0" instanceRef="Lut-U96_0"/>
				</net>
				<net name="net_Lut-U97_0">
					<portRef name="O" instanceRef="Lut-U97_0"/>
					<portRef name="ADR1" instanceRef="Lut-U96_0"/>
				</net>
				<net name="net_Lut-U97_2_0">
					<portRef name="O" instanceRef="Lut-U97_2_0"/>
					<portRef name="ADR2" instanceRef="Lut-U96_0"/>
				</net>
				<net name="net_Lut-U112_0_0">
					<portRef name="O" instanceRef="Lut-U112_0_0"/>
					<portRef name="ADR0" instanceRef="Lut-U112_0_2"/>
				</net>
				<net name="net_Lut-U98_0_0">
					<portRef name="O" instanceRef="Lut-U98_0_0"/>
					<portRef name="ADR0" instanceRef="Lut-U95_0"/>
				</net>
				<net name="net_Lut-U99_0_0">
					<portRef name="O" instanceRef="Lut-U99_0_0"/>
					<portRef name="ADR0" instanceRef="Lut-U99_0"/>
				</net>
				<net name="net_Lut-U106_0_0">
					<portRef name="O" instanceRef="Lut-U106_0_0"/>
					<portRef name="ADR1" instanceRef="Lut-U99_0"/>
				</net>
				<net name="net_Lut-U105_0_0">
					<portRef name="O" instanceRef="Lut-U105_0_0"/>
					<portRef name="ADR3" instanceRef="Lut-U99_0"/>
				</net>
				<net name="net_Lut-U118_0_0">
					<portRef name="O" instanceRef="Lut-U118_0_0"/>
					<portRef name="ADR1" instanceRef="Lut-U102_0"/>
				</net>
				<net name="net_Lut-U149_0_1">
					<portRef name="O" instanceRef="Lut-U149_0_1"/>
					<portRef name="ADR2" instanceRef="Lut-U102_0"/>
				</net>
				<net name="net_Lut-U141_0_0">
					<portRef name="O" instanceRef="Lut-U141_0_0"/>
					<portRef name="ADR0" instanceRef="Lut-U119_0"/>
					<portRef name="ADR3" instanceRef="Lut-U111_0"/>
				</net>
				<net name="net_Lut-U120_0">
					<portRef name="O" instanceRef="Lut-U120_0"/>
					<portRef name="ADR1" instanceRef="Lut-U119_0"/>
				</net>
				<net name="net_Lut-U146_0_1">
					<portRef name="O" instanceRef="Lut-U146_0_1"/>
					<portRef name="ADR2" instanceRef="Lut-U119_0"/>
					<portRef name="ADR2" instanceRef="Lut-U96_0_0"/>
					<portRef name="ADR0" instanceRef="Lut-U105_0_0"/>
					<portRef name="ADR3" instanceRef="Lut-U126_0"/>
					<portRef name="ADR1" instanceRef="Lut-U145_0"/>
				</net>
				<net name="net_Lut-U116_0">
					<portRef name="O" instanceRef="Lut-U116_0"/>
					<portRef name="ADR0" instanceRef="Lut-U114_0"/>
				</net>
				<net name="net_Lut-U155_0_2">
					<portRef name="O" instanceRef="Lut-U155_0_2"/>
					<portRef name="ADR2" instanceRef="Lut-U114_0"/>
				</net>
				<net name="net_Lut-U113_0_0">
					<portRef name="O" instanceRef="Lut-U113_0_0"/>
					<portRef name="ADR0" instanceRef="Lut-U111_0"/>
				</net>
				<net name="net_Lut-U128_0_0">
					<portRef name="O" instanceRef="Lut-U128_0_0"/>
					<portRef name="ADR0" instanceRef="Lut-U122_0"/>
				</net>
				<net name="net_Lut-U126_0">
					<portRef name="O" instanceRef="Lut-U126_0"/>
					<portRef name="ADR2" instanceRef="Lut-U122_0"/>
				</net>
				<net name="net_Lut-U138_0_0">
					<portRef name="O" instanceRef="Lut-U138_0_0"/>
					<portRef name="ADR2" instanceRef="Lut-U123_0"/>
					<portRef name="ADR1" instanceRef="Lut-U132_0_0"/>
					<portRef name="ADR2" instanceRef="Lut-U116_0"/>
				</net>
				<net name="net_Lut-U133_2">
					<portRef name="O" instanceRef="Lut-U133_2"/>
					<portRef name="ADR0" instanceRef="Lut-U123_2_0"/>
					<portRef name="ADR0" instanceRef="Lut-U123_3_0"/>
					<portRef name="ADR0" instanceRef="Lut-U132_1_0"/>
				</net>
				<net name="net_Lut-U133_4_0">
					<portRef name="O" instanceRef="Lut-U133_4_0"/>
					<portRef name="ADR1" instanceRef="Lut-U123_3_0"/>
					<portRef name="ADR1" instanceRef="Lut-U132_1_0"/>
				</net>
				<net name="net_Lut-U133_5_0">
					<portRef name="O" instanceRef="Lut-U133_5_0"/>
					<portRef name="ADR2" instanceRef="Lut-U123_3_0"/>
					<portRef name="ADR2" instanceRef="Lut-U132_1_0"/>
				</net>
				<net name="net_Lut-U130_0">
					<portRef name="O" instanceRef="Lut-U130_0"/>
					<portRef name="ADR0" instanceRef="Lut-U130_1"/>
				</net>
				<net name="net_Lut-U145_0">
					<portRef name="O" instanceRef="Lut-U145_0"/>
					<portRef name="ADR0" instanceRef="Lut-U131_0"/>
				</net>
				<net name="net_Lut-U131_1_0">
					<portRef name="O" instanceRef="Lut-U131_1_0"/>
					<portRef name="ADR3" instanceRef="Lut-U131_0"/>
				</net>
				<net name="net_Lut-U148_0_0">
					<portRef name="O" instanceRef="Lut-U148_0_0"/>
					<portRef name="ADR2" instanceRef="Lut-U97_0"/>
					<portRef name="ADR0" instanceRef="Lut-U99_0_0"/>
					<portRef name="ADR0" instanceRef="Lut-U128_0_0"/>
					<portRef name="ADR2" instanceRef="Lut-U145_0"/>
				</net>
				<net name="net_Lut-U157_0_0">
					<portRef name="O" instanceRef="Lut-U157_0_0"/>
					<portRef name="ADR1" instanceRef="Lut-U97_2_0"/>
					<portRef name="ADR1" instanceRef="Lut-U120_0"/>
					<portRef name="ADR1" instanceRef="Lut-U130_0"/>
				</net>
				<net name="net_Lut-U107_0">
					<portRef name="O" instanceRef="Lut-U107_0"/>
					<portRef name="ADR0" instanceRef="Lut-U106_0_0"/>
				</net>
				<net name="net_Lut-U117_0">
					<portRef name="O" instanceRef="Lut-U117_0"/>
					<portRef name="ADR1" instanceRef="Lut-U116_0"/>
				</net>
				<net name="net_Lut-U155_0_1">
					<portRef name="O" instanceRef="Lut-U155_0_1"/>
					<portRef name="ADR0" instanceRef="Lut-U155_0_2"/>
					<portRef name="ADR0" instanceRef="Lut-U130_0"/>
				</net>
				<net name="net_Lut-U159_0_0">
					<portRef name="O" instanceRef="Lut-U159_0_0"/>
					<portRef name="ADR1" instanceRef="Lut-U128_0_0"/>
				</net>
				<net name="net_Lut-U127_0_0">
					<portRef name="O" instanceRef="Lut-U127_0_0"/>
					<portRef name="ADR2" instanceRef="Lut-U126_0"/>
				</net>
				<net name="net_Lut-U143_0">
					<portRef name="O" instanceRef="Lut-U143_0"/>
					<portRef name="ADR0" instanceRef="Lut-U131_1_0"/>
				</net>
				<net name="net_U80">
					<portRef name="LOGIC_1_PIN" instanceRef="U80"/>
					<portRef name="ADR1" instanceRef="Q_cnt_lcd_reg[0]InvLut"/>
					<portRef name="ADR1" instanceRef="rstInvLut"/>
					<portRef name="ADR1" instanceRef="Lut-U81_0InvLut"/>
					<portRef name="ADR1" instanceRef="Lut-U82_0InvLut"/>
					<portRef name="ADR1" instanceRef="Lut-U83_0InvLut"/>
					<portRef name="ADR1" instanceRef="Lut-U84_0InvLut"/>
					<portRef name="ADR1" instanceRef="Lut-U85_0InvLut"/>
					<portRef name="ADR1" instanceRef="Lut-U86_0InvLut"/>
					<portRef name="ADR1" instanceRef="Lut-U88_1InvLut"/>
					<portRef name="ADR1" instanceRef="Lut-U99_1InvLut"/>
					<portRef name="ADR1" instanceRef="Lut-U110_1InvLut"/>
					<portRef name="ADR1" instanceRef="Lut-U122_1InvLut"/>
					<portRef name="ADR1" instanceRef="Lut-U130_2InvLut"/>
					<portRef name="I" instanceRef="Buf-pad-lcd_rs"/>
				</net>
				<net name="net_Buf-pad-rst">
					<portRef name="O" instanceRef="Buf-pad-rst"/>
					<portRef name="ADR0" instanceRef="rstInvLut"/>
					<portRef name="I" instanceRef="Buf-pad-lcd_rst"/>
				</net>
				<net name="net_Lut-U81_0">
					<portRef name="O" instanceRef="Lut-U81_0"/>
					<portRef name="ADR0" instanceRef="Lut-U81_0InvLut"/>
				</net>
				<net name="net_Lut-U82_0">
					<portRef name="O" instanceRef="Lut-U82_0"/>
					<portRef name="ADR0" instanceRef="Lut-U82_0InvLut"/>
				</net>
				<net name="net_Lut-U83_0">
					<portRef name="O" instanceRef="Lut-U83_0"/>
					<portRef name="ADR0" instanceRef="Lut-U83_0InvLut"/>
				</net>
				<net name="net_Lut-U84_0">
					<portRef name="O" instanceRef="Lut-U84_0"/>
					<portRef name="ADR0" instanceRef="Lut-U84_0InvLut"/>
				</net>
				<net name="net_Lut-U85_0">
					<portRef name="O" instanceRef="Lut-U85_0"/>
					<portRef name="ADR0" instanceRef="Lut-U85_0InvLut"/>
				</net>
				<net name="net_Lut-U86_0">
					<portRef name="O" instanceRef="Lut-U86_0"/>
					<portRef name="ADR0" instanceRef="Lut-U86_0InvLut"/>
				</net>
				<net name="net_Lut-U88_1">
					<portRef name="O" instanceRef="Lut-U88_1"/>
					<portRef name="ADR0" instanceRef="Lut-U88_1InvLut"/>
				</net>
				<net name="net_Lut-U99_1">
					<portRef name="O" instanceRef="Lut-U99_1"/>
					<portRef name="ADR0" instanceRef="Lut-U99_1InvLut"/>
				</net>
				<net name="net_Lut-U110_1">
					<portRef name="O" instanceRef="Lut-U110_1"/>
					<portRef name="ADR0" instanceRef="Lut-U110_1InvLut"/>
				</net>
				<net name="net_Lut-U122_1">
					<portRef name="O" instanceRef="Lut-U122_1"/>
					<portRef name="ADR0" instanceRef="Lut-U122_1InvLut"/>
				</net>
				<net name="net_Lut-U130_2">
					<portRef name="O" instanceRef="Lut-U130_2"/>
					<portRef name="ADR0" instanceRef="Lut-U130_2InvLut"/>
				</net>
				<net name="net_Buf-pad-clk">
					<portRef name="O" instanceRef="Buf-pad-clk"/>
					<portRef name="I" instanceRef="IBuf-clkpad-clk"/>
				</net>
				<net name="net_U74">
					<portRef name="LOGIC_0_PIN" instanceRef="U74"/>
					<portRef name="I" instanceRef="Buf-pad-lcd_db[7]"/>
					<portRef name="I" instanceRef="Buf-pad-lcd_rw"/>
				</net>
				<net name="net_lcd_db_reg[6]">
					<portRef name="Q" instanceRef="lcd_db_reg[6]"/>
					<portRef name="I" instanceRef="Buf-pad-lcd_db[6]"/>
				</net>
				<net name="net_lcd_db_reg[5]">
					<portRef name="Q" instanceRef="lcd_db_reg[5]"/>
					<portRef name="I" instanceRef="Buf-pad-lcd_db[5]"/>
				</net>
				<net name="net_lcd_db_reg[4]">
					<portRef name="Q" instanceRef="lcd_db_reg[4]"/>
					<portRef name="I" instanceRef="Buf-pad-lcd_db[4]"/>
				</net>
				<net name="net_lcd_db_reg[3]">
					<portRef name="Q" instanceRef="lcd_db_reg[3]"/>
					<portRef name="I" instanceRef="Buf-pad-lcd_db[3]"/>
				</net>
				<net name="net_lcd_db_reg[2]">
					<portRef name="Q" instanceRef="lcd_db_reg[2]"/>
					<portRef name="I" instanceRef="Buf-pad-lcd_db[2]"/>
				</net>
				<net name="net_lcd_db_reg[1]">
					<portRef name="Q" instanceRef="lcd_db_reg[1]"/>
					<portRef name="I" instanceRef="Buf-pad-lcd_db[1]"/>
				</net>
				<net name="net_lcd_db_reg[0]">
					<portRef name="Q" instanceRef="lcd_db_reg[0]"/>
					<portRef name="I" instanceRef="Buf-pad-lcd_db[0]"/>
				</net>
				<net name="net_Q_cnt_lcd_reg[0]InvLut">
					<portRef name="O" instanceRef="Q_cnt_lcd_reg[0]InvLut"/>
					<portRef name="D" instanceRef="cnt_lcd_reg[0]"/>
				</net>
				<net name="net_IBuf-clkpad-clk" type="clock">
					<portRef name="O" instanceRef="IBuf-clkpad-clk"/>
					<portRef name="CK" instanceRef="cnt_lcd_reg[0]"/>
					<portRef name="CK" instanceRef="cnt_lcd_reg[1]"/>
					<portRef name="CK" instanceRef="cnt_lcd_reg[2]"/>
					<portRef name="CK" instanceRef="cnt_lcd_reg[3]"/>
					<portRef name="CK" instanceRef="cnt_lcd_reg[4]"/>
					<portRef name="CK" instanceRef="cnt_lcd_reg[5]"/>
					<portRef name="CK" instanceRef="cnt_lcd_reg[6]"/>
					<portRef name="CK" instanceRef="lcd_db_reg[6]"/>
					<portRef name="CK" instanceRef="lcd_db_reg[5]"/>
					<portRef name="CK" instanceRef="lcd_db_reg[4]"/>
					<portRef name="CK" instanceRef="lcd_db_reg[3]"/>
					<portRef name="CK" instanceRef="lcd_db_reg[2]"/>
					<portRef name="CK" instanceRef="lcd_db_reg[1]"/>
					<portRef name="CK" instanceRef="lcd_db_reg[0]"/>
				</net>
				<net name="net_rstInvLut" type="reset">
					<portRef name="O" instanceRef="rstInvLut"/>
					<portRef name="RN" instanceRef="cnt_lcd_reg[0]"/>
					<portRef name="RN" instanceRef="cnt_lcd_reg[1]"/>
					<portRef name="RN" instanceRef="cnt_lcd_reg[2]"/>
					<portRef name="RN" instanceRef="cnt_lcd_reg[3]"/>
					<portRef name="RN" instanceRef="cnt_lcd_reg[4]"/>
					<portRef name="RN" instanceRef="cnt_lcd_reg[5]"/>
					<portRef name="RN" instanceRef="cnt_lcd_reg[6]"/>
					<portRef name="RN" instanceRef="lcd_db_reg[6]"/>
					<portRef name="RN" instanceRef="lcd_db_reg[5]"/>
					<portRef name="RN" instanceRef="lcd_db_reg[4]"/>
					<portRef name="RN" instanceRef="lcd_db_reg[3]"/>
					<portRef name="RN" instanceRef="lcd_db_reg[2]"/>
					<portRef name="RN" instanceRef="lcd_db_reg[1]"/>
					<portRef name="RN" instanceRef="lcd_db_reg[0]"/>
				</net>
				<net name="net_Lut-U81_0InvLut">
					<portRef name="O" instanceRef="Lut-U81_0InvLut"/>
					<portRef name="D" instanceRef="cnt_lcd_reg[1]"/>
				</net>
				<net name="net_Lut-U82_0InvLut">
					<portRef name="O" instanceRef="Lut-U82_0InvLut"/>
					<portRef name="D" instanceRef="cnt_lcd_reg[2]"/>
				</net>
				<net name="net_Lut-U83_0InvLut">
					<portRef name="O" instanceRef="Lut-U83_0InvLut"/>
					<portRef name="D" instanceRef="cnt_lcd_reg[3]"/>
				</net>
				<net name="net_Lut-U84_0InvLut">
					<portRef name="O" instanceRef="Lut-U84_0InvLut"/>
					<portRef name="D" instanceRef="cnt_lcd_reg[4]"/>
				</net>
				<net name="net_Lut-U85_0InvLut">
					<portRef name="O" instanceRef="Lut-U85_0InvLut"/>
					<portRef name="D" instanceRef="cnt_lcd_reg[5]"/>
				</net>
				<net name="net_Lut-U86_0InvLut">
					<portRef name="O" instanceRef="Lut-U86_0InvLut"/>
					<portRef name="D" instanceRef="cnt_lcd_reg[6]"/>
				</net>
				<net name="net_Lut-U88_1InvLut">
					<portRef name="O" instanceRef="Lut-U88_1InvLut"/>
					<portRef name="D" instanceRef="lcd_db_reg[6]"/>
				</net>
				<net name="net_Lut-U92_0">
					<portRef name="O" instanceRef="Lut-U92_0"/>
					<portRef name="D" instanceRef="lcd_db_reg[5]"/>
				</net>
				<net name="net_Lut-U94_0">
					<portRef name="O" instanceRef="Lut-U94_0"/>
					<portRef name="D" instanceRef="lcd_db_reg[4]"/>
				</net>
				<net name="net_Lut-U99_1InvLut">
					<portRef name="O" instanceRef="Lut-U99_1InvLut"/>
					<portRef name="D" instanceRef="lcd_db_reg[3]"/>
				</net>
				<net name="net_Lut-U110_1InvLut">
					<portRef name="O" instanceRef="Lut-U110_1InvLut"/>
					<portRef name="D" instanceRef="lcd_db_reg[2]"/>
				</net>
				<net name="net_Lut-U122_1InvLut">
					<portRef name="O" instanceRef="Lut-U122_1InvLut"/>
					<portRef name="D" instanceRef="lcd_db_reg[1]"/>
				</net>
				<net name="net_Lut-U130_2InvLut">
					<portRef name="O" instanceRef="Lut-U130_2InvLut"/>
					<portRef name="D" instanceRef="lcd_db_reg[0]"/>
				</net>
				<net name="lcd_db[7]">
					<portRef name="PAD" instanceRef="lcd_db[7]_opad"/>
					<portRef name="O" instanceRef="Buf-pad-lcd_db[7]"/>
					<portRef name="lcd_db[7]"/>
				</net>
				<net name="lcd_db[6]">
					<portRef name="PAD" instanceRef="lcd_db[6]_opad"/>
					<portRef name="O" instanceRef="Buf-pad-lcd_db[6]"/>
					<portRef name="lcd_db[6]"/>
				</net>
				<net name="lcd_db[5]">
					<portRef name="PAD" instanceRef="lcd_db[5]_opad"/>
					<portRef name="O" instanceRef="Buf-pad-lcd_db[5]"/>
					<portRef name="lcd_db[5]"/>
				</net>
				<net name="lcd_db[4]">
					<portRef name="PAD" instanceRef="lcd_db[4]_opad"/>
					<portRef name="O" instanceRef="Buf-pad-lcd_db[4]"/>
					<portRef name="lcd_db[4]"/>
				</net>
				<net name="lcd_db[3]">
					<portRef name="PAD" instanceRef="lcd_db[3]_opad"/>
					<portRef name="O" instanceRef="Buf-pad-lcd_db[3]"/>
					<portRef name="lcd_db[3]"/>
				</net>
				<net name="lcd_db[2]">
					<portRef name="PAD" instanceRef="lcd_db[2]_opad"/>
					<portRef name="O" instanceRef="Buf-pad-lcd_db[2]"/>
					<portRef name="lcd_db[2]"/>
				</net>
				<net name="lcd_db[1]">
					<portRef name="PAD" instanceRef="lcd_db[1]_opad"/>
					<portRef name="O" instanceRef="Buf-pad-lcd_db[1]"/>
					<portRef name="lcd_db[1]"/>
				</net>
				<net name="lcd_db[0]">
					<portRef name="PAD" instanceRef="lcd_db[0]_opad"/>
					<portRef name="O" instanceRef="Buf-pad-lcd_db[0]"/>
					<portRef name="lcd_db[0]"/>
				</net>
				<net name="lcd_en">
					<portRef name="PAD" instanceRef="lcd_en_opad"/>
					<portRef name="O" instanceRef="Buf-pad-lcd_en"/>
					<portRef name="lcd_en"/>
				</net>
				<net name="lcd_rs">
					<portRef name="PAD" instanceRef="lcd_rs_opad"/>
					<portRef name="O" instanceRef="Buf-pad-lcd_rs"/>
					<portRef name="lcd_rs"/>
				</net>
				<net name="lcd_rw">
					<portRef name="PAD" instanceRef="lcd_rw_opad"/>
					<portRef name="O" instanceRef="Buf-pad-lcd_rw"/>
					<portRef name="lcd_rw"/>
				</net>
				<net name="lcd_rst">
					<portRef name="PAD" instanceRef="lcd_rst_opad"/>
					<portRef name="O" instanceRef="Buf-pad-lcd_rst"/>
					<portRef name="lcd_rst"/>
				</net>
			</contents>
		</module>
	</library>
	<topModule name="display_ZhengXiaojie" libraryRef="work_lib"/>
</design>

