<?xml version="1.0" encoding="ISO-8859-1"?>
<?xml-stylesheet type='text/xsl' href='fdu_report.xsl'?>
<report design="calc_modified_fde_dc">
	<section id="Type_Count" label="Type Count">
		<table id="General_Table">
			<column id="Type_Name" label="Type Name"/>
			<column id="Count" label="Count"/>
			<row id="1">
				<item id="Type_Name" value="Latch"/>
				<item id="Count" value="86"/>
			</row>
			<row id="2">
				<item id="Type_Name" value="Latch_DFFHQ"/>
				<item id="Count" value="28"/>
			</row>
			<row id="3">
				<item id="Type_Name" value="Latch_DFFRHQ"/>
				<item id="Count" value="42"/>
			</row>
			<row id="4">
				<item id="Type_Name" value="Latch_DFFSHQ"/>
				<item id="Count" value="3"/>
			</row>
			<row id="5">
				<item id="Type_Name" value="Latch_EDFFHQ"/>
				<item id="Count" value="13"/>
			</row>
			<row id="6">
				<item id="Type_Name" value="Lut"/>
				<item id="Count" value="4955"/>
			</row>
			<row id="7">
				<item id="Type_Name" value="Lut2"/>
				<item id="Count" value="640"/>
			</row>
			<row id="8">
				<item id="Type_Name" value="Lut3"/>
				<item id="Count" value="1635"/>
			</row>
			<row id="9">
				<item id="Type_Name" value="Lut4"/>
				<item id="Count" value="2680"/>
			</row>
			<row id="10">
				<item id="Type_Name" value="Macro"/>
				<item id="Count" value="349"/>
			</row>
			<row id="11">
				<item id="Type_Name" value="Macro_ADDF"/>
				<item id="Count" value="347"/>
			</row>
			<row id="12">
				<item id="Type_Name" value="Macro_LOGIC_0"/>
				<item id="Count" value="1"/>
			</row>
			<row id="13">
				<item id="Type_Name" value="Macro_LOGIC_1"/>
				<item id="Count" value="1"/>
			</row>
		</table>
	</section>
</report>

